Pozo;Ubicación/Calle/Dirección;Asignación;Dias y Hora Servicio
POZO_LLAVALLOL_LO135;Macedonio Rodriguez y Matienzo, a 1500 mts del Pozo N° 140.;Movil 1 La Lata - 113241-1045;Todos los dias 24 hs
POZO_LLAVALLOL_LO139;Amat y Mercedes a 1500 mts del Pozo N° 133.;Movil 1 La Lata - 113241-1045;Todos los dias 24 hs
POZO_LLAVALLOL_LO140;Amat al 2900, a 1000 mts del Pozo N° 139.;Movil 1 La Lata - 113241-1045;Todos los dias 24 hs
POZO_LLAVALLOL_LO119;Pino y Ombú;Movil 1 La Lata - 113241-1045;Todos los dias 24 hs
POZO_LA_LATA_EE027;Maipu 971 esq. Colón;Movil 4 Ezeiza - 113955-6058;Todos los dias 24 hs
POZO_LA_LATA_EE029;Lavalle y Junín, a 800 mts de Planta Tratamiento La Lata;Movil 4 Ezeiza - 113955-6058;Todos los dias 24 hs
POZO_LA_LATA_EE030;Lavalle y Calle N° 13, a 600 mts del Pozo N° 29.;Movil 4 Ezeiza - 113955-6058;Todos los dias 24 hs
POZO_LA_LATA_EE031;Lavalle y Calle N° 15, a 1000 mts del Pozo N° 30.;Movil 4 Ezeiza - 113955-6058;Todos los dias 24 hs
POZO_LA_LATA_EE032;Lavalle y Torquinst, a 800 mts del Pozo N° 31.;Movil 4 Ezeiza - 113955-6058;Todos los dias 24 hs
POZO_LA_LATA_EE033;Lavalle y Villariño, a 800 mts del Pozo N° 32.;Movil 4 Ezeiza - 113955-6058;Todos los dias 24 hs
POZO_LA_LATA_EE035;Avila y Juana de Arco, a 1200 mts del Pozo 27 y 700 mts del Pozo 36;Movil 4 Ezeiza - 113955-6058;Todos los dias 24 hs
POZO_LA_LATA_EE036;Avila a 700 mts del Pozo 35.;Movil 4 Ezeiza - 113955-6058;Todos los dias 24 hs
POZO_LA_LATA_EE046;Lavalle y Ruta N° 16 a 800 mts del Pozo N° 33;Movil 4 Ezeiza - 113955-6058;Todos los dias 24 hs
POZO_BURZACO_LO078;Arenales y José Ingenieros, a 700 mts de Camino de Cintura.;Movil 1 La Lata - 113241-1045;Todos los dias 24 hs
POZO_BURZACO_LO142;José Ingenieros y Melián, a 100 mts del Pozo  N° 78.;Movil 1 La Lata - 113241-1045;Todos los dias 24 hs
POZO_BURZACO_LO132;José Ingenieros al 2700 y Founrouge, detrás del Parque Industrial Burzaco.;Movil 1 La Lata - 113241-1045;Todos los dias 24 hs
POZO_BURZACO_LO093;Ruta N° 16 y José Ingenieros a 1500 mts del Pozo 137.;Movil 1 La Lata - 113241-1045;Todos los dias 24 hs
POZO_BURZACO_LO126;Av. Argentina y Founrouge, a 800 mts del Pozo N° 144.;Movil 4 Ezeiza - 113955-6058;Todos los dias 24 hs
POZO_LA_LATA_EE073;Gral. Villegas y C. Colón - Esteban Echeverría;Movil 4 Ezeiza - 113955-6058;Todos los dias 24 hs
POZO_BURZACO_LO149;Rene Vallo y J. Melián (plaza) Burzaco . Pdo. de Almirante Brown.;Movil 1 La Lata - 113241-1045;Todos los dias 24 hs
POZO_LA_LATA_EE040;Ventura Avila y Juana de Arco - Esteban Echeverría;Movil 4 Ezeiza - 113955-6058;Todos los dias 24 hs
POZO_LA_LATA_EE044;Juana de Arco a 500mt del Pozo EE045;Movil 4 Ezeiza - 113955-6058;Todos los dias 24 hs
POZO_BURZACO_LO086;RP 16  e/ Posadas y Hilario Ascasubi;Movil 1 La Lata - 113241-1045;Todos los dias 24 hs
POZO_BURZACO_LO087;RP 16  e/ Malvinas Argentinas y Boulogne Sur Mer;Movil 1 La Lata - 113241-1045;Todos los dias 24 hs
POZO_BURZACO_LO145;Villarino e/ Av. Argentina y Leandro N. Alem;Movil 4 Ezeiza - 113955-6058;Todos los dias 24 hs
POZO_LA_LATA_EE028;General Lavalle 4001 y Maipú.;Movil 4 Ezeiza - 113955-6058;Todos los dias 24 hs
POZO_LA_LATA_EE034;Maipú e/Crristobal Colón y Ventura Ávila.;Movil 4 Ezeiza - 113955-6058;Todos los dias 24 hs
POZO_BURZACO_LO079;Juan Alvarez de Arenales a 200 mts. de Luis María Drago;Movil 1 La Lata - 113241-1045;Todos los dias 24 hs
POZO_BURZACO_LO144;Av. Argentina a 400m de RP16;Movil 4 Ezeiza - 113955-6058;Todos los dias 24 hs
POZO_BURZACO_LO084;Luis Maria Drago 2633 - Lomas de Zamora;Movil 1 La Lata - 113241-1045;Todos los dias 24 hs
POZO_BURZACO_LO085;Luis Maria Drago e/ las Flores y Founrouge - Lomas de Zamora;Movil 1 La Lata - 113241-1045;Todos los dias 24 hs
POZO_BURZACO_LO121;J. Ingenieros 2880;Movil 1 La Lata - 113241-1045;Todos los dias 24 hs
POZO_BURZACO_LO122;J. Ingenieros 2300;Movil 1 La Lata - 113241-1045;Todos los dias 24 hs
POZO_LLAVALLOL_LO120;Cairo501;Movil 1 La Lata - 113241-1045;Todos los dias 24 hs
POZO_BURZACO_LO147;Magnolia 2099 (a mts. de Baldomero Fdz Moreno);Movil 1 La Lata - 113241-1045;Todos los dias 24 hs
POZO_BURZACO_LO146;Calle Pintos 2007 e / Viel y Florida;Movil 1 La Lata - 113241-1045;Todos los dias 24 hs
POZO_BURZACO_LO083;Drago 2301;Movil 1 La Lata - 113241-1045;Todos los dias 24 hs
POZO_BURZACO_LO081;Luis Maria Drago1601;Movil 1 La Lata - 113241-1045;Todos los dias 24 hs
POZO_BURZACO_AB096;Tornquist 2905;Movil 1 La Lata - 113241-1045;Todos los dias 24 hs
POZO_LA_LATA_EE059;Avila Ventura 4600;Movil 4 Ezeiza - 113955-6058;Todos los dias 24 hs
POZO_LA_LATA_EE041;Avila Ventura 5003;Movil 4 Ezeiza - 113955-6058;Todos los dias 24 hs
POZO_LA_LATA_EE042;Avila Ventura 5005;Movil 4 Ezeiza - 113955-6058;Todos los dias 24 hs
POZO_LA_LATA_EE045;Juana de Arco 100;Movil 4 Ezeiza - 113955-6058;Todos los dias 24 hs
POZO_LA_LATA_EE058;Avila Ventura 3000;Movil 4 Ezeiza - 113955-6058;Todos los dias 24 hs
POZO_LA_LATA_EE057;Chiringuano 3800;Movil 4 Ezeiza - 113955-6058;Todos los dias 24 hs
POZO_BURZACO_AB097;Prov. Santiago del Estero 3075;Movil 1 La Lata - 113241-1045;Todos los dias 24 hs
POZO_P. PERON_GU011 - BAJA;Alfonso Amat 4598 - Lomas de Zamora;Movil 4 Ezeiza - 113955-6058;Todos los dias 24 hs
POZO_P. PERON_GU010;Enrique Santos Discépolo 4198, ent/ Eduardo Gutiérrez y Violeta Antier - Presidente Perón;Movil 4 Ezeiza - 113955-6058;Todos los dias 24 hs
POZO_LA_LATA_EE043;Juana de Arco 300 - Esteban Echeverria;Movil 4 Ezeiza - 113955-6058;Todos los dias 24 hs
POZO_F. VARELA_FV094;Calle 1364 al 3465;Movil 10 La Capilla - 113950-1737;Todos los dias 24 hs
POZO_F. VARELA_FV068;Calle 1108 S/N;Movil 10 La Capilla - 113950-1737;Todos los dias 24 hs
POZO_F. VARELA_FV069;Calle 1108 S/N;Movil 10 La Capilla - 113950-1737;Todos los dias 24 hs
POZO_F. VARELA_FV093;Calle 1681 S/N;Movil 10 La Capilla - 113950-1737;Todos los dias 24 hs
POZO_F. VARELA_FV067;Calle 1108 S/N;Movil 10 La Capilla - 113950-1737;Todos los dias 24 hs
POZO_F. VARELA_FV038;Calle 1423 S/N;Movil 10 La Capilla - 113950-1737;Todos los dias 24 hs
POZO_F. VARELA_FV116;Calle 1323 1590;Movil 10 La Capilla - 113950-1737;Todos los dias 24 hs
POZO_F. VARELA_FV036;Calle 1422 y Eva Perón;Movil 10 La Capilla - 113950-1737;Todos los dias 24 hs
POZO_F. VARELA_FV164;C.1155 esq. C.1138, INGENIERO_JUAN_ALLAN;Movil 10 La Capilla - 113950-1737;Todos los dias 24 hs
POZO_F. VARELA_FV127;C. 1151 casi esq. C.1130;Movil 10 La Capilla - 113950-1737;Todos los dias 24 hs
POZO_F. VARELA_FV166;calle 1440 y 1455 - Florencio Varela;Movil 10 La Capilla - 113950-1737;Todos los dias 24 hs
POZO_F. VARELA_FV088;Calle 1327 s/n;Movil 10 La Capilla - 113950-1737;Todos los dias 24 hs
POZO_F. VARELA_FV089;Calle 1356 1700;Movil 10 La Capilla - 113950-1737;Todos los dias 24 hs
POZO_F. VARELA_FV086;Calle 1374 900;Movil 10 La Capilla - 113950-1737;Todos los dias 24 hs
POZO_F. VARELA_FV087;Calle 1364 87;Movil 10 La Capilla - 113950-1737;Todos los dias 24 hs
POZO_F. VARELA_FV167;C_1122 y C_1145 - Florencio Varela;Movil 10 La Capilla - 113950-1737;Todos los dias 24 hs
POZO_F. VARELA_FV158;calle 1440 a 400mt de calle 1430 - Florencio Varela          ;Movil 10 La Capilla - 113950-1737;Todos los dias 24 hs
POZO_F. VARELA_FV159;calle 1440 e/ 1430 y Chivilcoy. Florencio Varela;Movil 10 La Capilla - 113950-1737;Todos los dias 24 hs
POZO_F. VARELA_FV168;C_1136 y C_1149 - Florencio Varela;Movil 10 La Capilla - 113950-1737;Todos los dias 24 hs
POZO_F. VARELA_FV133;Calle 1151 911;Movil 10 La Capilla - 113950-1737;Todos los dias 24 hs
POZO_F. VARELA_FV070;Calle 1108 S/N;Movil 10 La Capilla - 113950-1737;Todos los dias 24 hs
POZO_F. VARELA_FV092;Calle 1345 S/N;Movil 10 La Capilla - 113950-1737;Todos los dias 24 hs
POZO_F. VARELA_FV084;Calle 1610 S/N;Movil 10 La Capilla - 113950-1737;Todos los dias 24 hs
POZO_F. VARELA_FV090;Avenida la Plata 1200;Movil 10 La Capilla - 113950-1737;Todos los dias 24 hs
POZO_F. VARELA_FV149;Avenida la Plata a 800mts FV147;Movil 10 La Capilla - 113950-1737;Todos los dias 24 hs
POZO_F. VARELA_FV085;Calle 1653 S/N;Movil 10 La Capilla - 113950-1737;Todos los dias 24 hs
POZO_F. VARELA_FV132;Calle 1425 1641;Movil 10 La Capilla - 113950-1737;Todos los dias 24 hs
POZO_F. VARELA_FV157;1443 & 1430 - Florencio Varela;Movil 10 La Capilla - 113950-1737;Todos los dias 24 hs
POZO_F. VARELA_FV144;La Plata 1700;Movil 10 La Capilla - 113950-1737;Todos los dias 24 hs
POZO_F. VARELA_FV147;Av. La Plata 50;Movil 10 La Capilla - 113950-1737;Todos los dias 24 hs
POZO_F. VARELA_FV146;Calle 1356 4100;Movil 10 La Capilla - 113950-1737;Todos los dias 24 hs
POZO_F. VARELA_FV148;Calle 153a 301;Movil 10 La Capilla - 113950-1737;Todos los dias 24 hs
POZO_F. VARELA_FV037;Calle 1432 976;Movil 10 La Capilla - 113950-1737;Todos los dias 24 hs
POZO_MORENO_MR076;Hipólito Yrigoyen y San Luis - Moreno;Movil 14 Moreno - 113665-1848;Todos los dias 24 hs
POZO_MERLO_ME102;Dávila y Fraga – Merlo;Movil 14 Moreno - 113665-1848;Todos los dias 24 hs
POZO_MERLO_ME108;Av. Argentina e/ Ramón Freire y Juan Pedernera, Merlo;Movil 14 Moreno - 113665-1848;Todos los dias 24 hs
POZO_MERLO_ME048;Alvarez Jonte y Las Dalias, Merlo;Movil 14 Moreno - 113665-1848;Todos los dias 24 hs
POZO_MORENO_MR088;Lobos  e/ Misiones y J. Hernández - Moreno;Movil 14 Moreno - 113665-1848;Todos los dias 24 hs
POZO_MORENO_MR086;Ecuador  y Márquez - Moreno;Movil 14 Moreno - 113665-1848;Todos los dias 24 hs
POZO_MORENO_MR037;Ricardo Güiraldes, e/ Manuel de Lavardén y Pastor Obligado;Movil 14 Moreno - 113665-1848;Todos los dias 24 hs
POZO_MORENO_MR100;Morón e/ Facundo Quiroga y Arribeños;Movil 14 Moreno - 113665-1848;Todos los dias 24 hs
POZO_MORENO_MR095;Uruguay y Chiclana, Moreno;Movil 14 Moreno - 113665-1848;Todos los dias 24 hs
POZO_MORENO_MR074;Ecuador y Autospista del Oeste, colectora Norte - Moreno;Movil 14 Moreno - 113665-1848;Todos los dias 24 hs
POZO_MORENO_MR093;Mendoza y José Ingenieros - Moreno.;Movil 14 Moreno - 113665-1848;Todos los dias 24 hs
POZO_MORENO_MR079;San Cayetano y Juana de Azurduy -  Partido de Moreno.;Movil 14 Moreno - 113665-1848;Todos los dias 24 hs
POZO_MERLO_ME089;Curapaligüe y 25 de Mayo - Merlo;Movil 14 Moreno - 113665-1848;Todos los dias 24 hs
POZO_MORENO_MR097;Lincoln entre La Tropilla y Entre Ríos, Moreno;Movil 14 Moreno - 113665-1848;Todos los dias 24 hs
POZO_MORENO_MR027;Ecuador 5700 esq. La Plata, Moreno;Movil 14 Moreno - 113665-1848;Todos los dias 24 hs
POZO_MORENO_MR099;Marcos Paz entre Larrea y J.J. de Urquiza, Moreno;Movil 14 Moreno - 113665-1848;Todos los dias 24 hs
POZO_MORENO_ME037;AMADO NERVO 2450 e/ANCON Y C. AMPERE - MERLO;Movil 14 Moreno - 113665-1848;Todos los dias 24 hs
POZO_MORENO_ME038;TILCARA Y LUIS CAMPOS;Movil 14 Moreno - 113665-1848;Todos los dias 24 hs
POZO_MORENO_ME039;LUIS CAMPOS Y AGUARIBAY;Movil 14 Moreno - 113665-1848;Todos los dias 24 hs
POZO_MORENO_ME040;LOS JACINTOS 1523 casi ETIOPIA;Movil 14 Moreno - 113665-1848;Todos los dias 24 hs
POZO_MORENO_ME041;LAS RETAMAS casi ACHALA ;Movil 14 Moreno - 113665-1848;Todos los dias 24 hs
POZO_MORENO_ME042;Garmendia 1552 (esq. Mónaco) - Merlo - Merlo;Movil 14 Moreno - 113665-1848;Todos los dias 24 hs
POZO_MORENO_ME044;J. Newbery 295 casi Los Pensamientos - Parque San Martín - Merlo;Movil 14 Moreno - 113665-1848;Todos los dias 24 hs
POZO_MORENO_ME045;ALVAREZ JONTE 700 E/ LOS ALELIES Y LAS MARIMONIAS;Movil 14 Moreno - 113665-1848;Todos los dias 24 hs
POZO_MORENO_ME046;LAS RETAMAS 1448 casi JURAMENTO;Movil 14 Moreno - 113665-1848;Todos los dias 24 hs
POZO_MORENO_ME047;ALVAREZ JONTE e/ LOS GERANIOS Y LOS JAZMINES;Movil 14 Moreno - 113665-1848;Todos los dias 24 hs
POZO_MORENO_ME049;GABRIELA MISTRAL 3853 casi ALTE BROWN;Movil 14 Moreno - 113665-1848;Todos los dias 24 hs
POZO_MORENO_ME051;GARMENDIA 3795 e/ MIGUEL ZÁRRAGA Y FRANCISCO E. GURRUCHAGA;Movil 14 Moreno - 113665-1848;Todos los dias 24 hs
POZO_MORENO_ME053;MIGUEL ZÁRRAGA e LUIS J. DAGUERRE Y JUAN PEDERNERA;Movil 14 Moreno - 113665-1848;Todos los dias 24 hs
POZO_MORENO_ME054;GAVILAN casi MIGUEL ZÁRRAGA;Movil 14 Moreno - 113665-1848;Todos los dias 24 hs
POZO_MORENO_ME080;Federico Lacroze casi esq. Gregorio Matorras;Movil 14 Moreno - 113665-1848;Todos los dias 24 hs
POZO_MORENO_ME081;Strauss esq. Juan Sebastian Bach - Merlo - Merlo;Movil 14 Moreno - 113665-1848;Todos los dias 24 hs
POZO_MERLO_ME091;Podestá y Pedro Echagüe - Merlo;Movil 14 Moreno - 113665-1848;Todos los dias 24 hs
POZO_MERLO_ME088;Lorenzini 649-695 (entre Dean Funes y Fraga) - Merlo;Movil 14 Moreno - 113665-1848;Todos los dias 24 hs
POZO_MERLO_ME092;Cassaux 1723 (casi esq. Carcavallo) - Merlo;Movil 14 Moreno - 113665-1848;Todos los dias 24 hs
POZO_MERLO_ME090;Angel Rodriguez y Curapaligue - Merlo;Movil 14 Moreno - 113665-1848;Todos los dias 24 hs
POZO_MERLO_ME093;Morse y Iriarte - Merlo;Movil 14 Moreno - 113665-1848;Todos los dias 24 hs
POZO_MERLO_ME094;Brasil y Guardia Vieja - Merlo;Movil 14 Moreno - 113665-1848;Todos los dias 24 hs
POZO_MORENO_MR078;Alberti y Marcos Paz - Moreno;Movil 14 Moreno - 113665-1848;Todos los dias 24 hs
POZO_MERLO_ME087;Belén y Avenida Argentina - Merlo;Movil 14 Moreno - 113665-1848;Todos los dias 24 hs
POZO_MORENO_MR073;Ricardo Gutiérrez y Carlos Pedrell - Moreno;Movil 14 Moreno - 113665-1848;Todos los dias 24 hs
POZO_MORENO_MR089;Gervasio Posadas y Pavon - Moreno;Movil 14 Moreno - 113665-1848;Todos los dias 24 hs
POZO_MERLO_ME103;Los Arrieros y San Martín - Merlo;Movil 14 Moreno - 113665-1848;Todos los dias 24 hs
POZO_MORENO_MR066;Venezuela 5700 - Moreno;Movil 14 Moreno - 113665-1848;Todos los dias 24 hs
POZO_MERLO_ME085;Caaguazú entre Fleming y Aristobulo del Valle - Merlo;Movil 14 Moreno - 113665-1848;Todos los dias 24 hs
POZO_MORENO_MR077;Teniente Ibañez y 9 de Julio – Moreno.;Movil 14 Moreno - 113665-1848;Todos los dias 24 hs
POZO_MERLO_MR004;Crisologo Larralde 1341 e/Joaquín V. González y C. Ricardo Gutiérrez.;Movil 14 Moreno - 113665-1848;Todos los dias 24 hs
POZO_MERLO_ME100;Republiquetas y Av.  De la Unión. Partido de Merlo.;Movil 18 Glez Catan - 115005-4118;Todos los dias 24 hs
POZO_MERLO_ME097;Orán y Av. De la Unión. Partido de Merlo.;Movil 18 Glez Catan - 115005-4118;Todos los dias 24 hs
POZO_MERLO_ME101;Juan Maza y Pte. Raúl Alfonsín. Partido de Merlo.;Movil 15 Moron - 116381-1091;Todos los dias 24 hs
POZO_MERLO_ME095;Sullivan y Sargento Cabral. Partido de Merlo.;Movil 15 Moron - 116381-1091;Todos los dias 24 hs
POZO_MERLO_ME099;De Roma (dentro de la cortada) - PONTEVEDRA - MERLO;Movil 18 Glez Catan - 115005-4118;Todos los dias 24 hs
POZO_MERLO_ME098;Orán y Tasso, Pontevedra - Merlo;Movil 18 Glez Catan - 115005-4118;Todos los dias 24 hs
POZO_SAN MIGUEL_MI062;Isabel La Católica y Güemes - San Miguel;Movil 16 San Miguel - 112027-5726;Todos los dias 24 hs
POZO_SAN MIGUEL_MI065;Italia y Defensa - San Miguel;Movil 16 San Miguel - 112027-5726;Todos los dias 24 hs
POZO_PILAR_PI080;Monseñor D`Andrea y La Carreta, Pilar;Movil 13 Tigre - 112294-6632;Todos los dias 24 hs
POZO_SAN MIGUEL_MI061;Luis Salguero y Tomás A. Edison - San Miguel;Movil 16 San Miguel - 112027-5726;Todos los dias 24 hs
POZO_PILAR_PI105;Isla Candelaria y Libertad - Pilar;Movil 13 Tigre - 112294-6632;Todos los dias 24 hs
POZO_SAN MIGUEL_MI024;E. Ferreyra 4200 e/T. Guido - José C. Paz;Movil 16 San Miguel - 112027-5726;Todos los dias 24 hs
POZO_SAN MIGUEL_MI063;Calle Libertad y Egipto, Muñiz  - San Miguel;Movil 16 San Miguel - 112027-5726;Todos los dias 24 hs
POZO_SAN MIGUEL_MI064;Calle San Nicolas y Gral. Las Heras - San Miguel;Movil 16 San Miguel - 112027-5726;Todos los dias 24 hs
POZO_PILAR_PI059;Predio Campo Suite II, frente a Parque Austral;Movil 13 Tigre - 112294-6632;Todos los dias 24 hs
POZO_MORENO_MR039;Barker 1700 e/E. Larreta y M. Vedia.;Movil 16 San Miguel - 112027-5726;Todos los dias 24 hs
POZO_MALVINAS ARG_MA017;Alfredo Palacios y Juan Francisco Seguí, Tortuguitas, Malvinas Argentinas;Movil 16 San Miguel - 112027-5726;Todos los dias 24 hs
POZO_PILAR_PI076;Vasco Da Gama esquina Gatti, Pilar;Movil 13 Tigre - 112294-6632;Todos los dias 24 hs
POZO_PILAR_PI078;Vasco Da Gama esquina Camino Interno Villa la Comercial, Pilar;Movil 13 Tigre - 112294-6632;Todos los dias 24 hs
POZO_MORENO_MR075;Diego Villarroel 785 y Ceferubi Namuncurá - Moreno;Movil 16 San Miguel - 112027-5726;Todos los dias 24 hs
POZO_MORENO_MR030;Perdriel esq. Evaristo Carriego - Moreno;Movil 16 San Miguel - 112027-5726;Todos los dias 24 hs
POZO_MORENO_MR032;Florencio Sánchez entre gral. Pintos y pitagoras , Trujuy. Partido de Moreno;Movil 16 San Miguel - 112027-5726;Todos los dias 24 hs
POZO_MORENO_MR031;R. Rojas, entre Libano y pintos, Trujuy. Partido de Moreno;Movil 16 San Miguel - 112027-5726;Todos los dias 24 hs
POZO_SAN MIGUEL_MI066;Dr. Enrique Finochietto 5800, José C. Paz.;Movil 16 San Miguel - 112027-5726;Todos los dias 24 hs
POZO_MALVINAS ARG_MA018;11 de Septiembre y Oliden, partido de Malvinas Argentinas;Movil 16 San Miguel - 112027-5726;Todos los dias 24 hs
POZO_SAN MIGUEL_MI025;T. Guido 5900 e/Uriarte - José C. Paz;Movil 16 San Miguel - 112027-5726;Todos los dias 24 hs
POZO_PILAR_PI075;Av. Ricardo Levene casi esq. Guatemala - Pilar;Movil 13 Tigre - 112294-6632;Todos los dias 24 hs
POZO_SAN MIGUEL_MI023;Av. Alte. J. Lopez 4500 e/J. D. Solis y Eva Peron - José C. Paz;Movil 16 San Miguel - 112027-5726;Todos los dias 24 hs
POZO_SAN MIGUEL_MI032;Marchena 3256 - José C. Paz;Movil 16 San Miguel - 112027-5726;Todos los dias 24 hs
POZO_SAN MIGUEL_MI028;Santa Maria 5100 e/Vicente Fatome - José C. Paz;Movil 16 San Miguel - 112027-5726;Todos los dias 24 hs
POZO_JOSE C. PAZ_JC005;Las Tres Marias 5700 1665 - José C. Paz;Movil 16 San Miguel - 112027-5726;Todos los dias 24 hs
POZO_JOSE C. PAZ_JC006;Pampa de Junín 99-27 - José C. Paz;Movil 16 San Miguel - 112027-5726;Todos los dias 24 hs
POZO_PILAR_PI100;Calle Sarmiento e/ Bahía Grande y Bahía Redonda - Derqui;Movil 13 Tigre - 112294-6632;Todos los dias 24 hs
POZO_PILAR_PI102;Calle Henry Martin y Bahía Darbel - Derqui;Movil 13 Tigre - 112294-6632;Todos los dias 24 hs
POZO_JOSE C. PAZ_JC003;Av. Derqui 5300 1740 - Cuartel V - José C. Paz;Movil 16 San Miguel - 112027-5726;Todos los dias 24 hs
POZO_PILAR_PI103;Calle Cerrito e Isla Soledad - Derqui;Movil 13 Tigre - 112294-6632;Todos los dias 24 hs
POZO_SAN MIGUEL_MI015;Cnel. Fraga 2300 e/Int. J. Irigoin y Marcos Sastre - San Miguel;Movil 16 San Miguel - 112027-5726;Todos los dias 24 hs
POZO_SAN MIGUEL_MI016;Cnel. M. Fraga e/Salerno y Tomas Edison - San Miguel;Movil 16 San Miguel - 112027-5726;Todos los dias 24 hs
POZO_PILAR_PI101;Ruta 234 y Bahía Darbel - Derqui;Movil 13 Tigre - 112294-6632;Todos los dias 24 hs
POZO_SAN MIGUEL_MI026;T. Guido 5301 e/La Pinta - José C. Paz;Movil 16 San Miguel - 112027-5726;Todos los dias 24 hs
POZO_SAN MIGUEL_MI036;Cnel. M. Fraga 3400 e/Marconi - San Miguel;Movil 16 San Miguel - 112027-5726;Todos los dias 24 hs
POZO_MALVINAS ARG_MA004;Asamblea 1800 e/11 de Septiembre - Grand Bourg;Movil 16 San Miguel - 112027-5726;Todos los dias 24 hs
POZO_MALVINAS ARG_MA006;Viena e/Canning - Tortuguitas;Movil 16 San Miguel - 112027-5726;Todos los dias 24 hs
POZO_MALVINAS ARG_MA003;ALMIRANTE_BROWN 2500 e/Viena y Rep. Argentina - Tortuguitas;Movil 16 San Miguel - 112027-5726;Todos los dias 24 hs
POZO_PILAR_PI014;Las Araucarias y M. Acosta - Pilar;Movil 13 Tigre - 112294-6632;Todos los dias 24 hs
POZO_PILAR_PI070;Paraguay 201 esquina Tierra del Fuego. Pte. Derqui. - Pilar;Movil 13 Tigre - 112294-6632;Todos los dias 24 hs
POZO_PILAR_PI066;calle  sin n° e/ Haiti y Santo Domingo - Pilar;Movil 13 Tigre - 112294-6632;Todos los dias 24 hs
POZO_ZONA NORTE_ZN_01;Av. Paseo Victoria 600 (y M. V. de Martínez), Tigre;Movil 17 Pilar - 113512-9623;Todos los dias 24 hs
POZO_ZONA NORTE_ZN_02;Oliveira Cesar 300 y Maestro Brid, Tigre;Movil 17 Pilar - 113512-9623;Todos los dias 24 hs
POZO_ZONA NORTE_ZN_03;Sargento Díaz 201 (Esq. José Manuel Estrada), Tigre;Movil 17 Pilar - 113512-9623;Todos los dias 24 hs
POZO_ZONA NORTE_ZN_05;Av. 25 de Mayo y Liniers (S/margen río Reconquista), Tigre;Movil 17 Pilar - 113512-9623;Todos los dias 24 hs
POZO_ZONA NORTE_ZN_06;Paso e Italia, Tigre;Movil 17 Pilar - 113512-9623;Todos los dias 24 hs
POZO_ZONA NORTE_ZN_28;Bajada Lanusse en Gral. Arias 2504, Victoria, San Fernando;Movil 17 Pilar - 113512-9623;Todos los dias 24 hs
POZO_ZONA NORTE_ZN_31;Del Arca en del Arca 30 (a metros del Río Luján), San Fernando, San Fernando;Movil 17 Pilar - 113512-9623;Todos los dias 24 hs
POZO_ZONA NORTE_ZN_34;Sucre en Av. Sucre y Colectora Acceso Norte, Boulogne Sur Mer, San Isidro;Movil 17 Pilar - 113512-9623;Todos los dias 24 hs
POZO_ZONA NORTE_ZN_35;Beiró en Av. Sucre 660 (F. Beiró y Valentín Vergara), Boulogne Sur Mer, San Isidro;Movil 17 Pilar - 113512-9623;Todos los dias 24 hs
POZO_ZONA NORTE_ZN_30;Complemento San Fernando en Rastreador Fournier 1875, Virreyes, San Fernando;Movil 17 Pilar - 113512-9623;Todos los dias 24 hs
POZO_ZONA NORTE_ZN_27;Uruguay 6650 (a metros de la rotonda), Boulogne Sur Mer, San Isidro;Movil 17 Pilar - 113512-9623;Todos los dias 24 hs
POZO_ZONA NORTE_ZN_33;Tomkinson II en Av. Juan Fernández 1318 (Esq. Tomkinson);Movil 17 Pilar - 113512-9623;Todos los dias 24 hs
POZO_ZONA NORTE_ZN_20;Boulogne Chico en Av. Fondo de la Legua 2444, Martínez, San Isidro;Movil 17 Pilar - 113512-9623;Todos los dias 24 hs
POZO_ZONA NORTE_ZN_32;Tres Horquetas en Maipu 4599 y Rastreador Founier, Virreyes, San Fernando;Movil 17 Pilar - 113512-9623;Todos los dias 24 hs
POZO_ZONA NORTE_ZN_10;Quirno Costa 835 (Esq. Gral Arias al 600), San Fernando;Movil 17 Pilar - 113512-9623;Todos los dias 24 hs
POZO_ZONA NORTE_ZN_29;Punta Chica en Ricardo Rojas 76, Victoria, San Fernando;Movil 17 Pilar - 113512-9623;Todos los dias 24 hs
POZO_ZONA NORTE_ZN_26;Enamur en Almiranta G. Brown & San Lorenzo, La Lucila, Vicente López;Movil 17 Pilar - 113512-9623;Todos los dias 24 hs
POZO_ZONA NORTE_ZN_36;Hipólito Yrigoyen 6690 - San Fernando.;Movil 17 Pilar - 113512-9623;Todos los dias 24 hs
POZO_ZONA NORTE_ZN_37 - BAJA ;Leonismo Argentino 5900 esq. Hipólito Yrigoyen - San Fernando.;Movil 17 Pilar - 113512-9623;Todos los dias 24 hs
POZO_PILAR_PI064;Andres esq. Av. Patricias Aregentinas – Garin - Escobar;Movil 13 Tigre - 112294-6632;Todos los dias 24 hs
POZO_G. CATAN_MN002;Armonía y E. de la Fuente;Movil 18 Glez Catan - 115005-4118;Todos los dias 24 hs
POZO_G. CATAN_MN004;RP 1001 Roberto Billinghurst y Apipé;Movil 18 Glez Catan - 115005-4118;Todos los dias 24 hs
POZO_G. CATAN_MN005;RP 1001 Roberto Billinghurst y Cespedes;Movil 18 Glez Catan - 115005-4118;Todos los dias 24 hs
POZO_G. CATAN_MN009;RP 1001 Roberto Billinghurst y Río Cuarto;Movil 18 Glez Catan - 115005-4118;Todos los dias 24 hs
POZO_G. CATAN_MN011;Cespedes al 2100 a 500mts RP 1001 Roberto Billinghurst;Movil 18 Glez Catan - 115005-4118;Todos los dias 24 hs
POZO_G. CATAN_MN001;Juan Lavalleja y Cespedes;Movil 18 Glez Catan - 115005-4118;Todos los dias 24 hs
POZO_G. CATAN_MN003;Armonia 1619, González Catán;Movil 18 Glez Catan - 115005-4118;Todos los dias 24 hs
POZO_G. CATAN_LMO198;Enrique Clay 2650 (entre M. Doello y Pedro Díaz Colodrero) ;Movil 18 Glez Catan - 115005-4118;Todos los dias 24 hs
POZO_G. CATAN_043_(GALPON);Estanilaos del campo y Luján. Gregorio de Laferrere;Movil 18 Glez Catan - 115005-4118;Todos los dias 24 hs
POZO_G. CATAN_147_(GALPON);Francisco Beazley e./ Maximo Zamudio y Estanislao de Campo - Gonzalez Catán;Movil 18 Glez Catan - 115005-4118;Todos los dias 24 hs
POZO_G. CATAN_LMO101;Leopardi 5999;Movil 19 Virrey del Pino - 115005-4128;Todos los dias 24 hs
POZO_G. CATAN_LMO143;Domingo Scarlatti, B° Los Ceibos Sur M17000;Movil 19 Virrey del Pino - 115005-4128;Todos los dias 24 hs
POZO_G. CATAN_LMO197;Domnigo Scarlatti 6600;Movil 19 Virrey del Pino - 115005-4128;Todos los dias 24 hs
POZO_G. CATAN_LMO146;ee048;Movil 19 Virrey del Pino - 115005-4128;Todos los dias 24 hs
POZO_G. CATAN_LMO054;Luciano Torrent600;Movil 19 Virrey del Pino - 115005-4128;Todos los dias 24 hs
POZO_G. CATAN_LMO112;Domingo Scarlatti 4900;Movil 19 Virrey del Pino - 115005-4128;Todos los dias 24 hs
POZO_G. CATAN_LMO139;Caxaraville, B° San Enrique900;Movil 19 Virrey del Pino - 115005-4128;Todos los dias 24 hs
POZO_G. CATAN_LMO195;Equiza 4799;Movil 19 Virrey del Pino - 115005-4128;Todos los dias 24 hs
POZO_G. CATAN_LMO179;Conde5305;Movil 19 Virrey del Pino - 115005-4128;Todos los dias 24 hs
POZO_G. CATAN_LMO180;Machain 410;Movil 19 Virrey del Pino - 115005-4128;Todos los dias 24 hs
POZO_G. CATAN_LMO177;Barrientos 4299;Movil 18 Glez Catan - 115005-4118;Todos los dias 24 hs
POZO_G. CATAN_LMO193;Gana Juan Pio 5040;Movil 19 Virrey del Pino - 115005-4128;Todos los dias 24 hs
POZO_G. CATAN_LMO189;Leones 87;Movil 18 Glez Catan - 115005-4118;Todos los dias 24 hs
POZO_G. CATAN_LMO187;Puerto Argentino 4105;Movil 18 Glez Catan - 115005-4118;Todos los dias 24 hs
POZO_G. CATAN_LMO164;Croacia4400;Movil 19 Virrey del Pino - 115005-4128;Todos los dias 24 hs
POZO_G. CATAN_LMO046;Fortín Yunca esq. Guanabara - Virrey del Pino - La Matanza;Movil 19 Virrey del Pino - 115005-4128;Todos los dias 24 hs
POZO_G. CATAN_LMO047;Huillapima esq. Brig. Gral. Juan M. de Rosas - Virrey del Pino - La Matanza;Movil 19 Virrey del Pino - 115005-4128;Todos los dias 24 hs
POZO_G. CATAN_LMO053;Haiti 5454;Movil 19 Virrey del Pino - 115005-4128;Todos los dias 24 hs
POZO_G. CATAN_LMO085;R. Martinez esq. Av. Juan Bautista Lasalle;Movil 18 Glez Catan - 115005-4118;Todos los dias 24 hs
POZO_G. CATAN_LMO083;Durero, B° Lasalle M2900;Movil 18 Glez Catan - 115005-4118;Todos los dias 24 hs
POZO_G. CATAN_LMO098;Enrique Clay 2879;Movil 18 Glez Catan - 115005-4118;Todos los dias 24 hs
POZO_G. CATAN_LMO109;Gamay 849;Movil 18 Glez Catan - 115005-4118;Todos los dias 24 hs
POZO_G. CATAN_LMO140;Martinez Castro, B° Lasalle M04251;Movil 18 Glez Catan - 115005-4118;Todos los dias 24 hs
POZO_G. CATAN_LMO076;Lujan, B° El Talita M17200;Movil 18 Glez Catan - 115005-4118;Todos los dias 24 hs
POZO_G. CATAN_LMO075;Coronel Conde 3000;Movil 18 Glez Catan - 115005-4118;Todos los dias 24 hs
POZO_G. CATAN_LMO056;Guanacache 9398 (entre Manuel Guillermo Pinto y Antonio Pillado) - Virrey del Pino - La Matanza;Movil 19 Virrey del Pino - 115005-4128;Todos los dias 24 hs
POZO_V. DEL PINO_LMO308;Areco y Pedro Antonio Ballerini;Movil 19 Virrey del Pino - 115005-4128;Todos los dias 24 hs
POZO_V. DEL PINO_LMO309;Areco y California;Movil 19 Virrey del Pino - 115005-4128;Todos los dias 24 hs
POZO_V. DEL PINO_LMO327;Areco y Esperanza;Movil 19 Virrey del Pino - 115005-4128;Todos los dias 24 hs
POZO_V. DEL PINO_LMO352;Paraná y Navarro.;Movil 19 Virrey del Pino - 115005-4128;Todos los dias 24 hs
POZO_V. DEL PINO_LMO340;Areco entre San Antonio y San Juan, La Matanza;Movil 19 Virrey del Pino - 115005-4128;Todos los dias 24 hs
POZO_V. DEL PINO_LMO328;Areco N° 9900 e/ Portela y Plaza Hilario, La Matanza;Movil 19 Virrey del Pino - 115005-4128;Todos los dias 24 hs
POZO_V. DEL PINO_LMO318;Esperanza entre Esparza y N. Huapi, La Matanza;Movil 19 Virrey del Pino - 115005-4128;Todos los dias 24 hs
POZO_V. DEL PINO_LMO332;Federico Loefler e/N. Huapi y Francisco Nuñez, La Matanza;Movil 19 Virrey del Pino - 115005-4128;Todos los dias 24 hs
POZO_V. DEL PINO_LMO094;Amadeo Vives 700 y Guanabara;Movil 19 Virrey del Pino - 115005-4128;Todos los dias 24 hs
POZO_V. DEL PINO_LMO329;Areco 10.000 e/ Portelay Loefler;Movil 19 Virrey del Pino - 115005-4128;Todos los dias 24 hs
POZO_V. DEL PINO_LMO336;Pedro de Angelis y Esteban de Fernández, Virrey de Pino ;Movil 19 Virrey del Pino - 115005-4128;Todos los dias 24 hs
POZO_V. DEL PINO_LMO302;Antonio Sáenz a 1500mts de Urien;Movil 19 Virrey del Pino - 115005-4128;Todos los dias 24 hs
POZO_V. DEL PINO_LMO301;Antonio Sáenz a 2000mts de Urien;Movil 19 Virrey del Pino - 115005-4128;Todos los dias 24 hs
POZO_V. DEL PINO_LMO310;Chivilcoy y Pedro Antonio Ballerini;Movil 19 Virrey del Pino - 115005-4128;Todos los dias 24 hs
POZO_V. DEL PINO_LMO366;Santiago de Estrada y Masotti;Movil 19 Virrey del Pino - 115005-4128;Todos los dias 24 hs
POZO_V. DEL PINO_LMO375;Santiago de Estrada y Ferrari;Movil 19 Virrey del Pino - 115005-4128;Todos los dias 24 hs
POZO_V. DEL PINO_LMO339;Areco 11300 AV. Antonio San Juan;Movil 19 Virrey del Pino - 115005-4128;Todos los dias 24 hs
POZO_V. DEL PINO_LMO307;Curamalal y José M. Vilela;Movil 19 Virrey del Pino - 115005-4128;Todos los dias 24 hs
POZO_V. DEL PINO_LMO343;San Juan 4200 a 1400 mts de Areco;Movil 19 Virrey del Pino - 115005-4128;Todos los dias 24 hs
POZO_V. DEL PINO_LMO311;Chivilcoy y California;Movil 19 Virrey del Pino - 115005-4128;Todos los dias 24 hs
POZO_V. DEL PINO_LMO360;California 7631 e/ Libres y Solom, Virrey del Pino;Movil 19 Virrey del Pino - 115005-4128;Todos los dias 24 hs
POZO_V. DEL PINO_LMO305;Urien 400 – Virrey del Pino;Movil 19 Virrey del Pino - 115005-4128;Todos los dias 24 hs
POZO_V. DEL PINO_LMO317;Areco y José D. Avalos;Movil 19 Virrey del Pino - 115005-4128;Todos los dias 24 hs
POZO_V. DEL PINO_LMO320;Esperanza y Cañada de Gomez;Movil 19 Virrey del Pino - 115005-4128;Todos los dias 24 hs
POZO_V. DEL PINO_LMO312;Urien al 5600 a 600 mts del Pozo 160;Movil 19 Virrey del Pino - 115005-4128;Todos los dias 24 hs
POZO_V. DEL PINO_LMO333;P. Angelis a 1300mts de Nahuel Huapi;Movil 19 Virrey del Pino - 115005-4128;Todos los dias 24 hs
POZO_V. DEL PINO_LMO337;P. Angeliz e/ Diego de Villarroel y Areco;Movil 19 Virrey del Pino - 115005-4128;Todos los dias 24 hs
POZO_V. DEL PINO_LMO330;Federico Loefler a 700mts de Areco;Movil 19 Virrey del Pino - 115005-4128;Todos los dias 24 hs
POZO_V. DEL PINO_LMO334;Pedro de Angeliz y Nuñez a 2500mts del Pozo 338;Movil 19 Virrey del Pino - 115005-4128;Todos los dias 24 hs
POZO_V. DEL PINO_LMO342;San Juan 3510 entre Areco y Paraná.;Movil 19 Virrey del Pino - 115005-4128;Todos los dias 24 hs
POZO_V. DEL PINO_LMO367;Colastine y Bernardino Escribano;Movil 19 Virrey del Pino - 115005-4128;Todos los dias 24 hs
POZO_V. DEL PINO_LMO345;Av. Antonio San Juan 2800mts de Areco;Movil 19 Virrey del Pino - 115005-4128;Todos los dias 24 hs
POZO_V. DEL PINO_LMO348;Paraná y callejón s/n a 300 mts de Paraná y P. Murillo;Movil 19 Virrey del Pino - 115005-4128;Todos los dias 24 hs
POZO_V. DEL PINO_LMO368;Juan Arengren y Colastine;Movil 19 Virrey del Pino - 115005-4128;Todos los dias 24 hs
POZO_V. DEL PINO_LMO315;Areco y Anastasio Girardot;Movil 19 Virrey del Pino - 115005-4128;Todos los dias 24 hs
POZO_V. DEL PINO_LMO370;Gorostiaga y Colastine;Movil 19 Virrey del Pino - 115005-4128;Todos los dias 24 hs
POZO_V. DEL PINO_LMO303;Antonio Sáenz a 700mts de Urien;Movil 19 Virrey del Pino - 115005-4128;Todos los dias 24 hs
POZO_V. DEL PINO_LMO377;Coronel Warnes 7199;Movil 19 Virrey del Pino - 115005-4128;Todos los dias 24 hs
POZO_V. DEL PINO_LMO379;Cañuelas y Comercio;Movil 19 Virrey del Pino - 115005-4128;Todos los dias 24 hs
POZO_V. DEL PINO_LMO314;Areco 5817;Movil 19 Virrey del Pino - 115005-4128;Todos los dias 24 hs
POZO_V. DEL PINO_LMO358;Urien 4400 y Villarroel;Movil 19 Virrey del Pino - 115005-4128;Todos los dias 24 hs
POZO_V. DEL PINO_LMO381;Cañada de Gómez 6698;Movil 19 Virrey del Pino - 115005-4128;Todos los dias 24 hs
POZO_V. DEL PINO_LMO378;Cañuelas 3104;Movil 19 Virrey del Pino - 115005-4128;Todos los dias 24 hs
POZO_V. DEL PINO_LMO304;Saenz 9300       ;Movil 19 Virrey del Pino - 115005-4128;Todos los dias 24 hs
POZO_V. DEL PINO_LMO095;Mantegazza, B° Parque Sarmiento6100;Movil 19 Virrey del Pino - 115005-4128;Todos los dias 24 hs
POZO_V. DEL PINO_LMO957;Guamini 12710;Movil 19 Virrey del Pino - 115005-4128;Todos los dias 24 hs
POZO_V. DEL PINO_LMO125;Corrales 1100;Movil 19 Virrey del Pino - 115005-4128;Todos los dias 24 hs
POZO_V. DEL PINO_LMO096;Maximo Herrera 6400 (B° El Tizon);Movil 19 Virrey del Pino - 115005-4128;Todos los dias 24 hs
POZO_V. DEL PINO_LMO374;El Calden 5700;Movil 19 Virrey del Pino - 115005-4128;Todos los dias 24 hs
POZO_V. DEL PINO_LMO376;El Naranjo 7800;Movil 19 Virrey del Pino - 115005-4128;Todos los dias 24 hs
POZO_V. DEL PINO_LMO049;B. Escribano, B° El Pino450;Movil 19 Virrey del Pino - 115005-4128;Todos los dias 24 hs
POZO_V. DEL PINO_LMO373;Manzana 148 - Barrio San Javier;Movil 19 Virrey del Pino - 115005-4128;Todos los dias 24 hs
POZO_V. DEL PINO_LMO372;Bragado 1290;Movil 19 Virrey del Pino - 115005-4128;Todos los dias 24 hs
POZO_V. DEL PINO_LMO369;Jose Arismendi 5499;Movil 19 Virrey del Pino - 115005-4128;Todos los dias 24 hs
POZO_V. DEL PINO_LMO099;Wast Hugo, B° Mi Esperanza M3371;Movil 19 Virrey del Pino - 115005-4128;Todos los dias 24 hs
POZO_LLAVALLOL_LO106;Juan B. Justo 1000;Movil 1 La Lata - 113241-1045;Todos los dias 24 hs
POZO_LLAVALLOL_LO072;Timbo 1;Movil 1 La Lata - 113241-1045;Todos los dias 24 hs
POZO_LLAVALLOL_LO095;Juan Larrea 1901;Movil 1 La Lata - 113241-1045;Todos los dias 24 hs
POZO_LLAVALLOL_LO134;Coihue 400;Movil 1 La Lata - 113241-1045;Todos los dias 24 hs
POZO_GUILLON_LO067;De la Peña 527;Movil 1 La Lata - 113241-1045;Todos los dias 24 hs
POZO_GUILLON_LO042;Santa Lucia 1;Movil 1 La Lata - 113241-1045;Todos los dias 24 hs
POZO_LLAVALLOL_LO113 ;Leloir 400 - Lomas de Zamora;Movil 1 La Lata - 113241-1045;Todos los dias 24 hs
POZO_LLAVALLOL_LO128;Av. Crabed 399 - Lomas de Zamora;Movil 11 Berazategui - 112189-6034;Todos los dias 24 hs
POZO_LLAVALLOL_LO117 ;Silvana 499 - Lomas de Zamora;Movil 1 La Lata - 113241-1045;Todos los dias 24 hs
POZO_LLAVALLOL_LO025;Monseñor Paiggio 710 - Lomas de Zamora;Movil 1 La Lata - 113241-1045;Todos los dias 24 hs
POZO_GLEW_AB061;Laprida y Viner, altura calle 25 de Mayo al 1700- Ministro Rivadavia.;Movil 3 Glew - 114870-4239;Todos los dias 24 hs
POZO_GLEW_AB064;Juan B. Justo al 1000, a 100 mts del Pozo Escuadrón de Caballeria de Longchamps.;Movil 3 Glew - 114870-4239;Todos los dias 24 hs
POZO_GLEW_AB100;Gral. Cardenas y Almte. Irizar (Plaza) ;Movil 3 Glew - 114870-4239;Todos los dias 24 hs
POZO_GLEW_AB088;Calderón a 700mts de Romero.;Movil 3 Glew - 114870-4239;Todos los dias 24 hs
POZO_GLEW_AB102;25 de Mayo y Martiniano Leguizamón_ Almirante Brown;Movil 3 Glew - 114870-4239;Todos los dias 24 hs
POZO_GLEW_AB108;Rufino Córdoba esq. Cesar Ratti, Burzaco;Movil 3 Glew - 114870-4239;Todos los dias 24 hs
POZO_GLEW_AB106;Pablo Podestá 790, Burzaco;Movil 3 Glew - 114870-4239;Todos los dias 24 hs
POZO_GLEW_AB063;2741 Francisco Narciso de Laprida, Ministro Rivadavia, Provincia de Buenos Aires;Movil 3 Glew - 114870-4239;Todos los dias 24 hs
POZO_GLEW_AB110;Boulogne Sur Mer & Antonio Luis Beruti ;Movil 3 Glew - 114870-4239;Todos los dias 24 hs
POZO_GLEW_AB091;Gral. Brig. Manuel Calderón y Lezica;Movil 3 Glew - 114870-4239;Todos los dias 24 hs
POZO_GLEW_AB107;Juan Sarcione esq. Fernando Ochoa, Alte. Brown;Movil 3 Glew - 114870-4239;Todos los dias 24 hs
POZO_GLEW_AB075;Juan B. Justo al 2800.;Movil 3 Glew - 114870-4239;Todos los dias 24 hs
POZO_GLEW_AB065;Juan B. Justo al 1400.;Movil 3 Glew - 114870-4239;Todos los dias 24 hs
POZO_GLEW_AB099;Fernando  Lahille y M. Acosta.;Movil 3 Glew - 114870-4239;Todos los dias 24 hs
POZO_GLEW_AB098;Rocha y J: A.  Casacuberta;Movil 3 Glew - 114870-4239;Todos los dias 24 hs
POZO_GLEW_AB109;Luis Viale y Enrique de Rosas – Almirante Brown;Movil 3 Glew - 114870-4239;Todos los dias 24 hs
POZO_GLEW_AB066;Juan B Justo 2101;Movil 3 Glew - 114870-4239;Todos los dias 24 hs
POZO_GLEW_AB074;Republica Argentina 3700;Movil 3 Glew - 114870-4239;Todos los dias 24 hs
POZO_GLEW_AB076;Republica Argentina 7000;Movil 3 Glew - 114870-4239;Todos los dias 24 hs
POZO_GLEW_AB084;Intersección calle Espoile y Av. Espora;Movil 3 Glew - 114870-4239;Todos los dias 24 hs
POZO_GLEW_AB068;Av. Zeballos 400;Movil 3 Glew - 114870-4239;Todos los dias 24 hs
POZO_GLEW_AB070;Motti de Muesca 890;Movil 3 Glew - 114870-4239;Todos los dias 24 hs
POZO_GLEW_AB086;Romero y Brigadier Manuel Calderón;Movil 3 Glew - 114870-4239;Todos los dias 24 hs
POZO_GLEW_AB085;Leyes 900;Movil 3 Glew - 114870-4239;Todos los dias 24 hs
POZO_GLEW_AB087;Calderon 1251;Movil 3 Glew - 114870-4239;Todos los dias 24 hs
POZO_GLEW_AB092;Calderón 3800;Movil 3 Glew - 114870-4239;Todos los dias 24 hs
POZO_GLEW_AB090;Calderon 3400;Movil 3 Glew - 114870-4239;Todos los dias 24 hs
POZO_GLEW_AB093;Calderón 4100;Movil 3 Glew - 114870-4239;Todos los dias 24 hs
POZO_GLEW_AB095;Lemos 3800;Movil 3 Glew - 114870-4239;Todos los dias 24 hs
POZO_GLEW_AB073;Republica Argentina 6670 - Esteban Echeverria;Movil 3 Glew - 114870-4239;Todos los dias 24 hs
POZO_GLEW_AB094;Romero Adolfo 3800 - Almirante Brown ;Movil 3 Glew - 114870-4239;Todos los dias 24 hs
POZO_CANNING_EE055;José Hernández e/ Dolores y Carmen de Areco;Movil 4 Ezeiza - 113955-6058;Todos los dias 24 hs
POZO_CANNING_EE052;Martín Fierro a 700 mts. de Dolores ;Movil 4 Ezeiza - 113955-6058;Todos los dias 24 hs
POZO_CANNING_EEU015;Calle 9 de Julio y Av. Maipú;Movil 4 Ezeiza - 113955-6058;Todos los dias 24 hs
POZO_CANNING_EEU016;Av. Maipú a 40 mts. R.P. 58;Movil 4 Ezeiza - 113955-6058;Todos los dias 24 hs
POZO_CANNING_EEU025;Sgto. Cabral a 3.000 mts .de R.P.16;Movil 4 Ezeiza - 113955-6058;Todos los dias 24 hs
POZO_CANNING_EEU017;Ramos Mejía esq. R.P. 58;Movil 4 Ezeiza - 113955-6058;Todos los dias 24 hs
POZO_CANNING_EE063;Alvarez de Toledo 4621;Movil 4 Ezeiza - 113955-6058;Todos los dias 24 hs
POZO_CANNING_EE061;Costa Rica 1873;Movil 4 Ezeiza - 113955-6058;Todos los dias 24 hs
POZO_CANNING_EE066;San Pedrito y Amado Nervo - Esteban Echeverría;Movil 4 Ezeiza - 113955-6058;Todos los dias 24 hs
POZO_CANNING_EEU018;Andrómaco  e./ R.P. 58 y Champagñat;Movil 4 Ezeiza - 113955-6058;Todos los dias 24 hs
POZO_CANNING_EE065;P. Arocena y E. de Laperriere. Partido de Esteban Echeverría.;Movil 4 Ezeiza - 113955-6058;Todos los dias 24 hs
POZO_CANNING_EE064;Pablo Pizzurno esq. Puán y San Pedrito – Monte Grande – Esteban Echeverría ;Movil 4 Ezeiza - 113955-6058;Todos los dias 24 hs
POZO_CANNING_EEU012;Juana de Areco a 2200 mts. de R.P. 58;Movil 4 Ezeiza - 113955-6058;Todos los dias 24 hs
POZO_CANNING_EEU013;Juana de Areco a 2000 mts. de R.P. 58;Movil 4 Ezeiza - 113955-6058;Todos los dias 24 hs
POZO_CANNING_EE062;Los Ceibos y Fraga;Movil 4 Ezeiza - 113955-6058;Todos los dias 24 hs
POZO_CANNING_EEU005;Sargento Cabral a 200 mts. de Lacarra;Movil 4 Ezeiza - 113955-6058;Todos los dias 24 hs
POZO_CANNING_EEU006;Sargento Cabral a 700 mts. del Pozo 5;Movil 4 Ezeiza - 113955-6058;Todos los dias 24 hs
POZO_CANNING_EEU007;Sargento Cabral a 300 mts. de Escribano Francisco Vazquez;Movil 4 Ezeiza - 113955-6058;Todos los dias 24 hs
POZO_CANNING_EEU008;Sargento Cabral y Gral. Antonio Gonzalez;Movil 4 Ezeiza - 113955-6058;Todos los dias 24 hs
POZO_CANNING_EE047;Martín Fierro e/ Camino Country Circulo y Juana de Areco;Movil 4 Ezeiza - 113955-6058;Todos los dias 24 hs
POZO_CANNING_EE048;Martín Fierro y Camino Country Circulo;Movil 4 Ezeiza - 113955-6058;Todos los dias 24 hs
POZO_CANNING_EE049;Martín Fierro y Escribano Francisco Vazquez;Movil 4 Ezeiza - 113955-6058;Todos los dias 24 hs
POZO_CANNING_EE050;Escribano Frasncisco Vázquez e/ Camino Country Circulo y Cuba;Movil 4 Ezeiza - 113955-6058;Todos los dias 24 hs
POZO_CANNING_EEU021;Sargento Cabral 6799;Movil 4 Ezeiza - 113955-6058;Todos los dias 24 hs
POZO_CANNING_EEU001;Maipu 800;Movil 4 Ezeiza - 113955-6058;Todos los dias 24 hs
POZO_CANNING_EEU002;San Bernardo 980 - B° La Unión;Movil 4 Ezeiza - 113955-6058;Todos los dias 24 hs
POZO_CANNING_EE054;Martin Fierro 1600;Movil 4 Ezeiza - 113955-6058;Todos los dias 24 hs
POZO_CANNING_EEU019;Montes de Oca y Ruta Prov. N° 58;Movil 4 Ezeiza - 113955-6058;Todos los dias 24 hs
POZO_CANNING_EEU011;Sgto. Cabral a 700 m de EEU010;Movil 4 Ezeiza - 113955-6058;Todos los dias 24 hs
POZO_CANNING_EET001;Las Dalias y Falucho - Tristán Suarez;Movil 5 Canning - 112028-5249;Todos los dias 24 hs
POZO_CANNING_EEZ014;Paso de los Libres 1500;Movil 5 Canning - 112028-5249;Todos los dias 24 hs
POZO_CANNING_EEZ023;RP N° 52 1300;Movil 5 Canning - 112028-5249;Todos los dias 24 hs
POZO_CANNING_EEZ029;Valle del Rio Negro y America del Norte, Ezeiza;Movil 5 Canning - 112028-5249;Todos los dias 24 hs
POZO_CANNING_EEZ027;25 de Mayo y Cañada de Gomez, Ezeiza;Movil 5 Canning - 112028-5249;Todos los dias 24 hs
POZO_CANNING_EEZ031;Roger Balet y Sargento Cabral, Ezeiza ;Movil 5 Canning - 112028-5249;Todos los dias 24 hs
POZO_CANNING_EEU023;Calle Los Robles a 600 metros del Pozo 14;Movil 5 Canning - 112028-5249;Todos los dias 24 hs
POZO_CANNING_EEZ019;Ruta Provincial N°52 4000;Movil 5 Canning - 112028-5249;Todos los dias 24 hs
POZO_CANNING_EEZ030;R. Balet y Sarmiento, partido de Ezeiza.;Movil 5 Canning - 112028-5249;Todos los dias 24 hs
POZO_CANNING_EEZ028;Av. Quito y Arroyo, partido de Ezeiza.;Movil 5 Canning - 112028-5249;Todos los dias 24 hs
POZO_CANNING_EEU020;Calle Hipólito Vieytes y R.P. 52;Movil 5 Canning - 112028-5249;Todos los dias 24 hs
POZO_CANNING_EEZ006;Caminito 1200;Movil 5 Canning - 112028-5249;Todos los dias 24 hs
POZO_CANNING_EEZ015;Paso de los Libres 1700;Movil 5 Canning - 112028-5249;Todos los dias 24 hs
POZO_CANNING_EEZ011;Paso de los Libres 10;Movil 5 Canning - 112028-5249;Todos los dias 24 hs
POZO_CANNING_EES001;25 de Mayo al 2400 a 200 mts. de Falucho;Movil 5 Canning - 112028-5249;Todos los dias 24 hs
POZO_CANNING_EEU003;Los Robles al 5700 e/ Vieytes y Galeano;Movil 5 Canning - 112028-5249;Todos los dias 24 hs
POZO_CANNING_EEU004;Los Robles e/ Carlos Chagas y José Champagnat;Movil 5 Canning - 112028-5249;Todos los dias 24 hs
POZO_CANNING_EEU014;Los Robles esq. R.P. 52;Movil 5 Canning - 112028-5249;Todos los dias 24 hs
POZO_CANNING_EEZ013;Paso de los Libres 1400;Movil 5 Canning - 112028-5249;Todos los dias 24 hs
POZO_CANNING_EEZ010;Paso de los Libres 1800;Movil 5 Canning - 112028-5249;Todos los dias 24 hs
POZO_CANNING_EEZ021;RP N° 52 1200;Movil 5 Canning - 112028-5249;Todos los dias 24 hs
POZO_CANNING_EEZ020;RP N° 52 1000;Movil 5 Canning - 112028-5249;Todos los dias 24 hs
POZO_CANNING_EEZ022;RP N° 52;Movil 5 Canning - 112028-5249;Todos los dias 24 hs
POZO_CANNING_EEZ024;Ruta N°52 kilómetro 2;Movil 5 Canning - 112028-5249;Todos los dias 24 hs
POZO_CANNING_EEU022;Juana de Arco S/N;Movil 5 Canning - 112028-5249;Todos los dias 24 hs
POZO_CANNING_EEZ016;Guillermo Gaddini 1550 - Ezeiza;Movil 5 Canning - 112028-5249;Todos los dias 24 hs
POZO_GUILLON_EEN016;Tierra del Fuego y Constanzo;Movil 6 Luis Guillon - 113559-5887;Todos los dias 24 hs
POZO_GUILLON_EEN035;Casacuberta E/Valette y Gonzalez;Movil 6 Luis Guillon - 113559-5887;Todos los dias 24 hs
POZO_GUILLON_EEN038;Lago Garcia y Cepeda;Movil 6 Luis Guillon - 113559-5887;Todos los dias 24 hs
POZO_GUILLON_EEN043;Avellaneda E/ Trangoni y C. Monte Grande;Movil 6 Luis Guillon - 113559-5887;Todos los dias 24 hs
POZO_GUILLON_EEN034;Alberto Grande 10 a 38 mts de las vías FFCC;Movil 6 Luis Guillon - 113559-5887;Todos los dias 24 hs
POZO_GUILLON_EEN040;Lago Garcia a 50 mts de Av. Valette;Movil 6 Luis Guillon - 113559-5887;Todos los dias 24 hs
POZO_GUILLON_EEN046;Tte. Bourquet E/ Gabaston y Ameghino;Movil 6 Luis Guillon - 113559-5887;Todos los dias 24 hs
POZO_GUILLON_EEN045;Bruzzone y Tte. Alberto Grande;Movil 6 Luis Guillon - 113559-5887;Todos los dias 24 hs
POZO_GUILLON_EEN033;Urbano Gonzalez a 44 mts de vias del FC;Movil 6 Luis Guillon - 113559-5887;Todos los dias 24 hs
POZO_GUILLON_EEN041;9 de Abril a 20 metros de Vallete;Movil 6 Luis Guillon - 113559-5887;Todos los dias 24 hs
POZO_GUILLON_EEN039;Cepeda y Alberto Grande;Movil 6 Luis Guillon - 113559-5887;Todos los dias 24 hs
POZO_GUILLON_EEN048;Roberson E/ J. Newbery y Matienzo;Movil 6 Luis Guillon - 113559-5887;Todos los dias 24 hs
POZO_GUILLON_EEN044;Bruzzone E/ Foz y Gonzalez;Movil 6 Luis Guillon - 113559-5887;Todos los dias 24 hs
POZO_GUILLON_EEN037;Cepeda y de los Constituyentes;Movil 6 Luis Guillon - 113559-5887;Todos los dias 24 hs
POZO_GUILLON_EEZ001;Rio Bermejo 301 - La Celia;Movil 6 Luis Guillon - 113559-5887;Todos los dias 24 hs
POZO_GUILLON_EEN042;Las Talitas 250;Movil 6 Luis Guillon - 113559-5887;Todos los dias 24 hs
POZO_GUILLON_EEN047;J. M. de Rosas 249;Movil 6 Luis Guillon - 113559-5887;Todos los dias 24 hs
POZO_GUILLON_EEN028;Rivero, B° 1990 Viviendas495;Movil 6 Luis Guillon - 113559-5887;Todos los dias 24 hs
POZO_GUILLON_EEN036;Lima 1835;Movil 6 Luis Guillon - 113559-5887;Todos los dias 24 hs
POZO_GUILLON_EEN027;Garcia Fernandez B° 1990;Movil 6 Luis Guillon - 113559-5887;Todos los dias 24 hs
POZO_GUILLON_EEN012;M. Alegre2000;Movil 6 Luis Guillon - 113559-5887;Todos los dias 24 hs
POZO_GUILLON_EEN007;Sarmiento 2700;Movil 6 Luis Guillon - 113559-5887;Todos los dias 24 hs
POZO_GUILLON_EEN049;Estancia Los Remedios 3000;Movil 6 Luis Guillon - 113559-5887;Todos los dias 24 hs
POZO_GUILLON_EEN052;Norberto Lopez 3420;Movil 6 Luis Guillon - 113559-5887;Todos los dias 24 hs
POZO_GUILLON_EEN008;R. Petracca 602;Movil 6 Luis Guillon - 113559-5887;Todos los dias 24 hs
POZO_GUILLON_EE037;Tte Gral Monillas (hacia hangar aeropuerto) - Ezeiza;Movil 6 Luis Guillon - 113559-5887;Todos los dias 24 hs
POZO_GUILLON_EEZ002;La Atomica 1001 - Tristán Suárez;Movil 6 Luis Guillon - 113559-5887;Todos los dias 24 hs
POZO_GUILLON_EE038;Teniente General Morillas - Ezeiza;Movil 6 Luis Guillon - 113559-5887;Todos los dias 24 hs
POZO_GUILLON_EE039;Teniente General Morillas - Ezeiza;Movil 6 Luis Guillon - 113559-5887;Todos los dias 24 hs
POZO_GUILLON_EEN009;Puerto Deseado 501;Movil 6 Luis Guillon - 113559-5887;Todos los dias 24 hs
POZO_GUILLON_EE003;Manuel F. Origone 39;Movil 6 Luis Guillon - 113559-5887;Todos los dias 24 hs
POZO_GUILLON_EE005;Terrarosa 601;Movil 6 Luis Guillon - 113559-5887;Todos los dias 24 hs
POZO_GUILLON_EE013;Dr. Rene Favaloro 1255;Movil 6 Luis Guillon - 113559-5887;Todos los dias 24 hs
POZO_GUILLON_EE015;Dorrego 1595;Movil 6 Luis Guillon - 113559-5887;Todos los dias 24 hs
POZO_GUILLON_EEN026;M. Alegre1700;Movil 6 Luis Guillon - 113559-5887;Todos los dias 24 hs
POZO_GUILLON_EE002;Rivadavia 50;Movil 6 Luis Guillon - 113559-5887;Todos los dias 24 hs
POZO_GUILLON_EEN021;Av. Fair 400;Movil 6 Luis Guillon - 113559-5887;Todos los dias 24 hs
POZO_GUILLON_EEN032;Av. V. Fair 1400;Movil 6 Luis Guillon - 113559-5887;Todos los dias 24 hs
POZO_GUILLON_EEN031;La Horqueta casi esq. Antonio Cervetti;Movil 6 Luis Guillon - 113559-5887;Todos los dias 24 hs
POZO_GUILLON_EEN057;La Rioja 280;Movil 6 Luis Guillon - 113559-5887;Todos los dias 24 hs
POZO_GUILLON_EEN029;Av. Fair580;Movil 6 Luis Guillon - 113559-5887;Todos los dias 24 hs
POZO_GUILLON_EEN030;Antonio Cervetti 1020;Movil 6 Luis Guillon - 113559-5887;Todos los dias 24 hs
POZO_GUILLON_EEN020;San sinena 105;Movil 6 Luis Guillon - 113559-5887;Todos los dias 24 hs
POZO_GUILLON_EEN022;Benavidez 3185;Movil 6 Luis Guillon - 113559-5887;Todos los dias 24 hs
POZO_GUILLON_EEN023;San Sinena 100;Movil 6 Luis Guillon - 113559-5887;Todos los dias 24 hs
POZO_GUILLON_EEN058;Fray Luis Beltran 1415;Movil 6 Luis Guillon - 113559-5887;Todos los dias 24 hs
POZO_GUILLON_EEN055;25 de Mayo 1542;Movil 6 Luis Guillon - 113559-5887;Todos los dias 24 hs
POZO_GUILLON_EEN054;Destacamento Melchior 733;Movil 6 Luis Guillon - 113559-5887;Todos los dias 24 hs
POZO_GUILLON_EEN053;CICHERO 790;Movil 6 Luis Guillon - 113559-5887;Todos los dias 24 hs
POZO_GUILLON_EEN056;Laprida1376;Movil 6 Luis Guillon - 113559-5887;Todos los dias 24 hs
POZO_GUILLON_EEN050;Los Robles 388;Movil 6 Luis Guillon - 113559-5887;Todos los dias 24 hs
POZO_GUILLON_EE001;Luis Guillon 119;Movil 6 Luis Guillon - 113559-5887;Todos los dias 24 hs
POZO_GUILLON_EE004;Chacabuco113;Movil 6 Luis Guillon - 113559-5887;Todos los dias 24 hs
POZO_GUILLON_EEN001;Lagos Garcia 3901;Movil 6 Luis Guillon - 113559-5887;Todos los dias 24 hs
POZO_GUILLON_EEN013;Tricotti Primero 3 - Esteban Echeverria;Movil 6 Luis Guillon - 113559-5887;Todos los dias 24 hs
POZO_GUILLON_EEN015;Herminio Constanzo 2090 - Esteban Echeverria;Movil 6 Luis Guillon - 113559-5887;Todos los dias 24 hs
POZO_GUILLON_EEN002;Coni 3401 - Esteban Echeverria;Movil 6 Luis Guillon - 113559-5887;Todos los dias 24 hs
POZO_GUILLON_EEN003;Palleros 1110 - Esteban Echeverria;Movil 6 Luis Guillon - 113559-5887;Todos los dias 24 hs
POZO_GUILLON_EEN005;Sansiena 601 - Esteban Echeverria;Movil 6 Luis Guillon - 113559-5887;Todos los dias 24 hs
POZO_GUILLON_EEN006;Caceres Pablo 501 - Esteban Echeverria;Movil 6 Luis Guillon - 113559-5887;Todos los dias 24 hs
POZO_GUILLON_EEN018;Constanzo 1200 - Esteban Echeverria;Movil 6 Luis Guillon - 113559-5887;Todos los dias 24 hs
POZO_GUILLON_EEN004;Ing. Huergo 3885;Movil 6 Luis Guillon - 113559-5887;Todos los dias 24 hs
POZO_GUILLON_EEN014;Cnel. D' Elia 190;Movil 6 Luis Guillon - 113559-5887;Todos los dias 24 hs
POZO_GUILLON_EEN059;E. Banch e/ Eugenio Rebizo y Juan Recarte;Movil 6 Luis Guillon - 113559-5887;Todos los dias 24 hs
POZO_P. PERON_GU018;Calle 36 casi Av. Soberanía Nacional - Guernica - Presidente Perón.;Movil 7 Guernica - 112239-6707;Todos los dias 24 hs
POZO_P. PERON_GU024;C.116 737 casi esq. Av. 99 - Guernica - Presidente Perón;Movil 7 Guernica - 112239-6707;Todos los dias 24 hs
POZO_P. PERON_GU025;C.6 y Tte. Juan Domingo Baldini - Guernica - Presidente Perón;Movil 7 Guernica - 112239-6707;Todos los dias 24 hs
POZO_P. PERON_GU019;Cjal. Placido Bajo N° 901 casi C.39 - Guernica - Presidente Perón.;Movil 7 Guernica - 112239-6707;Todos los dias 24 hs
POZO_P. PERON_GU032;Av. 38 y C5 - Guernica - Presidente Perón;Movil 7 Guernica - 112239-6707;Todos los dias 24 hs
POZO_P. PERON_GU026;Kingston & Honduras - Guernica - Presidente Perón;Movil 7 Guernica - 112239-6707;Todos los dias 24 hs
POZO_P. PERON_GU030;La Rioja entre Av. Hip. Yrigoyen y Sarmiento - Guernica - Presidente Perón;Movil 7 Guernica - 112239-6707;Todos los dias 24 hs
POZO_P. PERON_GU031;Brasil y Mesopotamia - Guernica - Presidente Perón;Movil 7 Guernica - 112239-6707;Todos los dias 24 hs
POZO_P. PERON_GU029;Gral. Paz y Libertador Jose de San Martin - Guernica - Presidente Perón;Movil 7 Guernica - 112239-6707;Todos los dias 24 hs
POZO_P. PERON_GU001;Islas Malvinas 201 - Guernica - Presidente Perón;Movil 7 Guernica - 112239-6707;Todos los dias 24 hs
POZO_P. PERON_GU002;Colombia 1025 - Guernica - Presidente Perón;Movil 7 Guernica - 112239-6707;Todos los dias 24 hs
POZO_P. PERON_GU007;Republica Argentina 499 - Guernica - Presidente Perón;Movil 7 Guernica - 112239-6707;Todos los dias 24 hs
POZO_P. PERON_GU003;Haiti 896 - Guernica - Presidente Perón;Movil 7 Guernica - 112239-6707;Todos los dias 24 hs
POZO_P. PERON_GU017;Calle 139 528 - Guernica - Presidente Perón;Movil 7 Guernica - 112239-6707;Todos los dias 24 hs
POZO_P. PERON_GU013;Calle 118 - Guernica - Presidente Perón;Movil 7 Guernica - 112239-6707;Todos los dias 24 hs
POZO_P. PERON_GU014;Juan Capuano 498 - Guernica - Presidente Perón;Movil 7 Guernica - 112239-6707;Todos los dias 24 hs
POZO_P. PERON_GU016;Calle 118 2453 - Guernica - Presidente Perón;Movil 7 Guernica - 112239-6707;Todos los dias 24 hs
POZO_P. PERON_GU006;Av. Nestor Kirchner 4198 - Guernica - Presidente Perón;Movil 7 Guernica - 112239-6707;Todos los dias 24 hs
POZO_P. PERON_GU015;Calle 118 2051  - Guernica - Presidente Perón;Movil 7 Guernica - 112239-6707;Todos los dias 24 hs
POZO_P. PERON_GU005;Felix Bogado 896 - Guernica - Presidente Perón;Movil 7 Guernica - 112239-6707;Todos los dias 24 hs
POZO_P. PERON_GU008;Brasil 103 - Guernica - Presidente Perón;Movil 7 Guernica - 112239-6707;Todos los dias 24 hs
POZO_P. PERON_GU020;Tomás Guido 917  esq. Remedios de Escalda - Guernica - Presidente Perón;Movil 7 Guernica - 112239-6707;Todos los dias 24 hs
POZO_P. PERON_GU021;Roque Sáenz Peña esq. Santa Elena. - Guernica - Presidente Perón;Movil 7 Guernica - 112239-6707;Todos los dias 24 hs
POZO_P. PERON_GU022;Manuel Dorrego a 15 mts de Luis Adolfo Testa. - Guernica - Presidente Perón;Movil 7 Guernica - 112239-6707;Todos los dias 24 hs
POZO_P. PERON_GU023;Calle 103 y 124 - Guernica - Presidente Perón;Movil 7 Guernica - 112239-6707;Todos los dias 24 hs
POZO_P. PERON_GU028;Puerto España & Brasilia - Guernica - Presidente Perón;Movil 7 Guernica - 112239-6707;Todos los dias 24 hs
POZO_P. PERON_GU027;Brasilia y Guayanas – Guernica – Presidente Perón-;Movil 7 Guernica - 112239-6707;Todos los dias 24 hs
POZO_F. VARELA_FV030;490 Virgen de Valle;Movil 8 Fcio Varela - 113241-9434;Todos los dias 24 hs
POZO_F. VARELA_FV050;Av. Eva Peron 7700;Movil 8 Fcio Varela - 113241-9434;Todos los dias 24 hs
POZO_F. VARELA_FV130;Calle 1341 511;Movil 8 Fcio Varela - 113241-9434;Todos los dias 24 hs
POZO_F. VARELA_FV034;Av. Cacheuta 500;Movil 8 Fcio Varela - 113241-9434;Todos los dias 24 hs
POZO_F. VARELA_FV066;Av. Eva Peron 12000;Movil 8 Fcio Varela - 113241-9434;Todos los dias 24 hs
POZO_F. VARELA_FV042;Calle 1316 1690;Movil 8 Fcio Varela - 113241-9434;Todos los dias 24 hs
POZO_F. VARELA_FV064;Calle 1347 300;Movil 8 Fcio Varela - 113241-9434;Todos los dias 24 hs
POZO_F. VARELA_FV103;Sicilia 2020;Movil 8 Fcio Varela - 113241-9434;Todos los dias 24 hs
POZO_F. VARELA_FV095;Estreban Pisani 1101;Movil 8 Fcio Varela - 113241-9434;Todos los dias 24 hs
POZO_F. VARELA_FV013;Avenida Belgica 798;Movil 8 Fcio Varela - 113241-9434;Todos los dias 24 hs
POZO_F. VARELA_FV052;Calle El Jazmin S/N;Movil 8 Fcio Varela - 113241-9434;Todos los dias 24 hs
POZO_F. VARELA_FV045;Los Inmigrantes S/N;Movil 8 Fcio Varela - 113241-9434;Todos los dias 24 hs
POZO_F. VARELA_FV065;Av. Eva peron 11111;Movil 8 Fcio Varela - 113241-9434;Todos los dias 24 hs
POZO_F. VARELA_FV062;Virgen de Itati 955;Movil 8 Fcio Varela - 113241-9434;Todos los dias 24 hs
POZO_F. VARELA_FV110;Las Lengas 2303;Movil 8 Fcio Varela - 113241-9434;Todos los dias 24 hs
POZO_F. VARELA_FV111;Los Álamos 2502;Movil 8 Fcio Varela - 113241-9434;Todos los dias 24 hs
POZO_F. VARELA_FV096;Av. Humahuaca 501;Movil 8 Fcio Varela - 113241-9434;Todos los dias 24 hs
POZO_F. VARELA_FV028;Batalla de Riobamba 1501;Movil 8 Fcio Varela - 113241-9434;Todos los dias 24 hs
POZO_F. VARELA_FV165;Monteverde e/447 y 449;Movil 8 Fcio Varela - 113241-9434;Todos los dias 24 hs
POZO_F. VARELA_FV163;Los Olivos y el Mirlo;Movil 8 Fcio Varela - 113241-9434;Todos los dias 24 hs
POZO_F. VARELA_FV018;General Hornos 999;Movil 8 Fcio Varela - 113241-9434;Todos los dias 24 hs
POZO_F. VARELA_FV019;Rio Caraguata 1451;Movil 8 Fcio Varela - 113241-9434;Todos los dias 24 hs
POZO_F. VARELA_FV026;Posadas 1100;Movil 8 Fcio Varela - 113241-9434;Todos los dias 24 hs
POZO_F. VARELA_FV027;El Gaucho 580;Movil 8 Fcio Varela - 113241-9434;Todos los dias 24 hs
POZO_F. VARELA_FV151;Los Lapachos e/ El Tero ( calle 539) y La Calandria (calle 543);Movil 8 Fcio Varela - 113241-9434;Todos los dias 24 hs
POZO_F. VARELA_FV106;Calle 554 1103;Movil 8 Fcio Varela - 113241-9434;Todos los dias 24 hs
POZO_F. VARELA_FV105;CALLE 525 2492;Movil 8 Fcio Varela - 113241-9434;Todos los dias 24 hs
POZO_F. VARELA_FV102;Cjal. Amador Villaabrille 975;Movil 8 Fcio Varela - 113241-9434;Todos los dias 24 hs
POZO_F. VARELA_FV079;Bruselas & Bulgaria;Movil 8 Fcio Varela - 113241-9434;Todos los dias 24 hs
POZO_F. VARELA_FV078;Bruselas & Polonia;Movil 8 Fcio Varela - 113241-9434;Todos los dias 24 hs
POZO_F. VARELA_FV080;Dr. Irineo Portela & c517;Movil 8 Fcio Varela - 113241-9434;Todos los dias 24 hs
POZO_F. VARELA_FV114;C.531 2200;Movil 8 Fcio Varela - 113241-9434;Todos los dias 24 hs
POZO_F. VARELA_FV112;C. 643a casi esq Paysandú;Movil 8 Fcio Varela - 113241-9434;Todos los dias 24 hs
POZO_F. VARELA_FV041;Calle 1335 850;Movil 8 Fcio Varela - 113241-9434;Todos los dias 24 hs
POZO_F. VARELA_FV020;Cabildo de Buenos Aires 1850;Movil 8 Fcio Varela - 113241-9434;Todos los dias 24 hs
POZO_F. VARELA_FV174;Juan Jose Castelli 1027;Movil 8 Fcio Varela - 113241-9434;Todos los dias 24 hs
POZO_F. VARELA_FV053;Av. Cacheuta 1505;Movil 8 Fcio Varela - 113241-9434;Todos los dias 24 hs
POZO_F. VARELA_FV082;Calle 445  - 398;Movil 8 Fcio Varela - 113241-9434;Todos los dias 24 hs
POZO_F. VARELA_FV006;Ortiz Basualdo 3601;Movil 8 Fcio Varela - 113241-9434;Todos los dias 24 hs
POZO_F. VARELA_FV154;Calle 560 y La Plaoma;Movil 8 Fcio Varela - 113241-9434;Todos los dias 24 hs
POZO_F. VARELA_FV150;El Nandu ent/ Las Casuarinas y Los Alamos;Movil 8 Fcio Varela - 113241-9434;Todos los dias 24 hs
POZO_QUILMES_QU138;Calle 866 2896 - San Francisco Solano;Movil 8 Fcio Varela - 113241-9434;Todos los dias 24 hs
POZO_QUILMES_QU141;Calle 863 2890 - San Francisco Solano;Movil 8 Fcio Varela - 113241-9434;Todos los dias 24 hs
POZO_F. VARELA_FV025;Calle 1423 901;Movil 8 Fcio Varela - 113241-9434;Todos los dias 24 hs
POZO_F. VARELA_FV156;1418 e/1433 y 1435 - Florencio Varela;Movil 8 Fcio Varela - 113241-9434;Todos los dias 24 hs
POZO_F. VARELA_FV040;Calle 1439  S/N;Movil 8 Fcio Varela - 113241-9434;Todos los dias 24 hs
POZO_F. VARELA_FV023;Juan Mantovani 1500;Movil 8 Fcio Varela - 113241-9434;Todos los dias 24 hs
POZO_F. VARELA_FV143;Calle 1355 al 1400;Movil 8 Fcio Varela - 113241-9434;Todos los dias 24 hs
POZO_F. VARELA_FV021;Juan Mantovani 399;Movil 8 Fcio Varela - 113241-9434;Todos los dias 24 hs
POZO_F. VARELA_FV131;El Malambo 105;Movil 8 Fcio Varela - 113241-9434;Todos los dias 24 hs
POZO_F. VARELA_FV162;La Paloma esq/ Los Sauces;Movil 8 Fcio Varela - 113241-9434;Todos los dias 24 hs
POZO_F. VARELA_FV152;calle 410 1450 lado plaza;Movil 8 Fcio Varela - 113241-9434;Todos los dias 24 hs
POZO_F. VARELA_FV161;Los Laureles 2396, Gdor. Costa - Florencio Varela;Movil 8 Fcio Varela - 113241-9434;Todos los dias 24 hs
POZO_F. VARELA_FV024;Calle 1409 795;Movil 8 Fcio Varela - 113241-9434;Todos los dias 24 hs
POZO_F. VARELA_FV033;Virgen de Valle y Río Dulce;Movil 9 Ing Alan - 113241-9369;Todos los dias 24 hs
POZO_F. VARELA_FV004;Evaristo Carriego 2734;Movil 9 Ing Alan - 113241-9369;Todos los dias 24 hs
POZO_F. VARELA_FV072;Doctor Enrique Finochietto 1450;Movil 9 Ing Alan - 113241-9369;Todos los dias 24 hs
POZO_F. VARELA_FV074;Carlos Gardel;Movil 9 Ing Alan - 113241-9369;Todos los dias 24 hs
POZO_F. VARELA_FV057;Virgen de Valle S/N;Movil 9 Ing Alan - 113241-9369;Todos los dias 24 hs
POZO_F. VARELA_FV029;Misiones 1950;Movil 9 Ing Alan - 113241-9369;Todos los dias 24 hs
POZO_F. VARELA_FV169;Jacinto Benavente y E.D.Amicis;Movil 9 Ing Alan - 113241-9369;Todos los dias 24 hs
POZO_F. VARELA_FV005;San Martin 2201;Movil 9 Ing Alan - 113241-9369;Todos los dias 24 hs
POZO_F. VARELA_FV071;San Nicolas 2602;Movil 9 Ing Alan - 113241-9369;Todos los dias 24 hs
POZO_F. VARELA_FV129;Rio Diamante 2680;Movil 9 Ing Alan - 113241-9369;Todos los dias 24 hs
POZO_F. VARELA_FV055;Calle 832 299;Movil 9 Ing Alan - 113241-9369;Todos los dias 24 hs
POZO_F. VARELA_FV047;Mariano Boedo & Monserrat;Movil 9 Ing Alan - 113241-9369;Todos los dias 24 hs
POZO_F. VARELA_FV058;Juan B. Justo & Hilario Ascasubi;Movil 9 Ing Alan - 113241-9369;Todos los dias 24 hs
POZO_F. VARELA_FV049;San Antonio y C.1023;Movil 9 Ing Alan - 113241-9369;Todos los dias 24 hs
POZO_F. VARELA_FV128;Gral Villegas esq. Rio Diamante;Movil 9 Ing Alan - 113241-9369;Todos los dias 24 hs
POZO_F. VARELA_FV009;Intendente Jose Luis Cariboni 2098;Movil 9 Ing Alan - 113241-9369;Todos los dias 24 hs
POZO_ZS-79_EBC MONTEVERDE;Av. Monteverde 2016 (casi Darragueira);Movil 9 Ing Alan - 113241-9369;Todos los dias 24 hs
POZO_F. VARELA_FV060;Cañuelas 2400;Movil 9 Ing Alan - 113241-9369;Todos los dias 24 hs
POZO_F. VARELA_FV100;Benito Quinquela Martin 1536;Movil 9 Ing Alan - 113241-9369;Todos los dias 24 hs
POZO_F. VARELA_FV046;Batalla de Ituzaingo 2777;Movil 9 Ing Alan - 113241-9369;Todos los dias 24 hs
POZO_F. VARELA_FV014;Presidente Peron 501;Movil 9 Ing Alan - 113241-9369;Todos los dias 24 hs
POZO_F. VARELA_FV011;Corrientes 4045;Movil 9 Ing Alan - 113241-9369;Todos los dias 24 hs
POZO_F. VARELA_FV115;Progreso ent/ Int. José Luis Cariboni y Virgen de Valle;Movil 9 Ing Alan - 113241-9369;Todos los dias 24 hs
POZO_F. VARELA_FV007;Intendente Jose Luis Cariboni 2351;Movil 9 Ing Alan - 113241-9369;Todos los dias 24 hs
POZO_F. VARELA_FV140;Granaderos de San Martín 164;Movil 9 Ing Alan - 113241-9369;Todos los dias 24 hs
POZO_F. VARELA_FV048;León XIII Nº 374;Movil 9 Ing Alan - 113241-9369;Todos los dias 24 hs
POZO_F. VARELA_FV142;Dardo Rocha 740;Movil 9 Ing Alan - 113241-9369;Todos los dias 24 hs
POZO_F. VARELA_FV059;Av. Bosques 2398;Movil 9 Ing Alan - 113241-9369;Todos los dias 24 hs
POZO_F. VARELA_FV139;Guamini 2711;Movil 9 Ing Alan - 113241-9369;Todos los dias 24 hs
POZO_F. VARELA_FV137;San Geronimo 605;Movil 9 Ing Alan - 113241-9369;Todos los dias 24 hs
POZO_F. VARELA_FV138;Campana 2998;Movil 9 Ing Alan - 113241-9369;Todos los dias 24 hs
POZO_QUILMES_QU037;Luisa Bartana (Calle 345) 3400 - Quilmes Oeste;Movil 9 Ing Alan - 113241-9369;Todos los dias 24 hs
POZO_QUILMES_QU076;General Belgrano 5301 - Quilmes Oeste;Movil 9 Ing Alan - 113241-9369;Todos los dias 24 hs
POZO_F. VARELA_FV051;Calle 1371 222;Movil 9 Ing Alan - 113241-9369;Todos los dias 24 hs
POZO_F. VARELA_FV002;Avenida San Martin 3070;Movil 9 Ing Alan - 113241-9369;Todos los dias 24 hs
POZO_F. VARELA_FV003;Diagonal Constitucion 100;Movil 9 Ing Alan - 113241-9369;Todos los dias 24 hs
POZO_F. VARELA_FV145;Cacheuta 2011;Movil 9 Ing Alan - 113241-9369;Todos los dias 24 hs
POZO_F. VARELA_FV141;Alfonsina Storni 74;Movil 9 Ing Alan - 113241-9369;Todos los dias 24 hs
POZO_F. VARELA_FV153;Miguel Cane y Florida;Movil 9 Ing Alan - 113241-9369;Todos los dias 24 hs
POZO_CANNING_EEU010;Sgto Cabral a 5900 m de EEU011;Movil 4 Ezeiza - 113955-6058;Todos los dias 24 hs
POZO _ZV_77 EBC DEFENSA Y JUSTICIA;Av. Calchaqui 4398 1889 RP36 Florencio Varela;Movil 9 Ing Alan - 113241-9369;Todos los dias 24 hs
POZO_ZV_78 EBC SENZABELLO;Av. Calchaqui y Esposos Curie, Florencio Varela;Movil 9 Ing Alan - 113241-9369;Todos los dias 24 hs
POZO_G. CATAN_MN147;Maximo Zamudio 751 y Augusto Bravard;Movil 18 Glez Catan - 115005-4118;Todos los dias 24 hs
POZO_G. CATAN_MN110;Francisco beazley y Victorino de la Plaza , Rafael Castillo;Movil 18 Glez Catan - 115005-4118;Todos los dias 24 hs
POZO_G. CATAN_MN122;Santa Rosa y Coronel Aguire, Rafael Castillo;Movil 18 Glez Catan - 115005-4118;Todos los dias 24 hs
POZO_G. CATAN_LMO068;Marcelo Gamboa 5036 ( entre Colegiales y Besares) Rafael Castillo;Movil 18 Glez Catan - 115005-4118;Todos los dias 24 hs
POZO_G. CATAN_LMO072 ;Alagon 4534 casi Raulies Rafael Castillo;Movil 18 Glez Catan - 115005-4118;Todos los dias 24 hs
POZO_G. CATAN_LMO064;Rodney y Urdaneta, Rafael Castillo;Movil 18 Glez Catan - 115005-4118;Todos los dias 24 hs
POZO_G. CATAN_LMO070;Marcelo Gamboa y Raulet;Movil 18 Glez Catan - 115005-4118;Todos los dias 24 hs
POZO_G. CATAN_LMO077;Acassuso y Rio Cuarto, Rafael Castillo;Movil 18 Glez Catan - 115005-4118;Todos los dias 24 hs
POZO_G. CATAN_LMO078;Severo Garcia Sequeira ( entre Rocamora y Sixto Fajardo) Rafael Castillo;Movil 18 Glez Catan - 115005-4118;Todos los dias 24 hs
POZO_G. CATAN_LMO087;El Resero 2800 ( entre Acassuso y Alagon) Rafael Castillo;Movil 18 Glez Catan - 115005-4118;Todos los dias 24 hs
POZO_G_CATAN_MN006;Int Federico Pedro Russo casi C Polledo, Rafael Castillo;Movil 18 Glez Catan - 115005-4118;Todos los dias 24 hs
POZO_G_CATAN_MN007 ;Roberto Billinghurst 5100 RP1001 Casi C Besares, Rafael Castillo;Movil 18 Glez Catan - 115005-4118;Todos los dias 24 hs
POZO_G_CATAN_MN033;Acassuso 2200, e ipiringa, Rafael Castillo;Movil 18 Glez Catan - 115005-4118;Todos los dias 24 hs
POZO_G_CATAN_MN034;Zarate y Norquin, Rafael Castillo;Movil 18 Glez Catan - 115005-4118;Todos los dias 24 hs
POZO_G_CATAN_MN037;Tres Cruces y Lavallol, Rafael Castillo;Movil 18 Glez Catan - 115005-4118;Todos los dias 24 hs
POZO_G_CATAN_MN173;Hucal y Eduardo Vogel, Rafael Castillo;Movil 18 Glez Catan - 115005-4118;Todos los dias 24 hs
POZO_G_CATAN_MN183;Felipe Lavallol 2329 casi esquina Sudamerica.;Movil 18 Glez Catan - 115005-4118;Todos los dias 24 hs
POZO_ZONA NORTE_ZN_27;Uruguay 6650 (a metros de la rotonda), Boulogne Sur Mer, San Isidro;Movil 17 Pilar - 113512-9623;Todos los dias 24 hs
POZO_G_CATAN_MN032;Acassuso y Santa Rosa, Gregorio de Laferrere;Movil 18 Glez Catan - 115005-4118;Todos los dias 24 hs
POZO_V. DEL PINO_LMO124;Marcos Paz 4820, La Matanza;Movil 18 Glez Catan - 115005-4118;Todos los dias 24 hs
POZO_V. DEL PINO_LMO319;Esperanza 4000 e/ Nahuel Huapi y Villaroel (a 300 m. del pozo LMO320);Movil 19 Virrey del Pino - 115005-4128;Todos los dias 24 hs
POZO_MORENO_MR035 ;Ricardo Gutiérrez 5760, Moreno (Interior Sitio 172);Movil 14 Moreno - 113665-1848;Todos los dias 24 hs
POZO_G. CATAN_LMO172;Alagón 5476, Rafael Castillo;Movil 18 Glez Catan - 115005-4118;Todos los dias 24 hs
POZO_G. CATAN_LMO108;Alegría y Juan Lavalleja, Rafael Castillo;Movil 18 Glez Catan - 115005-4118;Todos los dias 24 hs
POZO_G. CATAN_LMO118;El Resero 3370 (casi Rufino Ortega), Rafael Castillo;Movil 18 Glez Catan - 115005-4118;Todos los dias 24 hs
POZO_F. VARELA_FV134;Los Inmigrantes 2800 esq. Calle 1363 - Fcio. Varela (Interior Sitio 217);Movil 9 Ing Alan - 113241-9369;L a V 16 pm a 08 am - SDF 24 hs
POZO_F. VARELA_FV124;Calle 1404 Nº 498 esq. R.P. 53 - Fcio. Varela (Interior Sitio 218);Movil 8 Fcio Varela - 113241-9434;L a V 16 pm a 08 am - SDF 24 hs
POZO_G. CATAN_LMO192;Jorge Newbery 7525 (entre Barrientos y Barragán Bastilla);Movil 19 Virrey del Pino - 115005-4128;Todos los dias 24 hs
POZO_G. CATAN_LMO073;Juan Bautista Justo 5500 y Juan Francisco Echaurri (Gonzalez Catan);Movil 18 Glez Catan - 115005-4118;Todos los dias 24 hs
POZO_G. CATAN_LMO079;Urdaneta 4554 (entre Rocamora y Del Tejar), La Matanza;Movil 18 Glez Catan - 115005-4118;Todos los dias 24 hs
POZO_G. CATAN_LMO081;Rufino Ortega y Juan Francisco Echaurri, La Matanza;Movil 18 Glez Catan - 115005-4118;Todos los dias 24 hs
POZO_G. CATAN_LMO127;Cayetano Cazón 4021 (casi Juan B. Justo), La Matanza;Movil 18 Glez Catan - 115005-4118;Todos los dias 24 hs
POZO_SAN MIGUEL_MI067;Conesa 1386, San Miguel;Movil 16 San Miguel - 112027-5726;Todos los dias 24 hs
POZO_G. CATAN_LMO126;Ancón y Antonio Zinny, La Matanza;Movil 18 Glez Catan - 115005-4118;Todos los dias 24 hs
POZO_G. CATAN_LMO074;Zeppelin 5502 casi Juan Francisco Echaurri, La Matanza;Movil 18 Glez Catan - 115005-4118;Todos los dias 24 hs
POZO_PILAR_PI089;Los Álamos y Av. Juan Domingo Perón, Pilar;Movil 13 Tigre - 112294-6632;Todos los dias 24 hs
POZO_V. DEL PINO_LMO322;Querandíes 9105 (esq. C. Antonio Sáenz), La Matanza;Movil 19 Virrey del Pino - 115005-4128;Todos los dias 24 hs
POZO_PILAR_PI084;San Ignacio casi Chubut, Pilar;Movil 13 Tigre - 112294-6632;Todos los dias 24 hs
POZO_ZV_21 EBC SOCORRO ;José A. Blanco 4655, Quilmes ;Movil 11 Berazategui - 112189-6034;Todos los dias 24 hs
POZO_ZV_18 EBC FERROVIARIO (SPS sitio 277);Av. Ribereña 5199, Quilmes - En SPS aparece como sitio 277;Acude Móvil 22 – Bernal - 1120314941;Todos los dias 24 hs
POZO_ZV_76 EBC HERNANDARIAS;Hernandarias 1326, Florencio Varela;Movil 9 Ing Alan - 113241-9369;Todos los dias 24 hs
POZO_ZV_74 EBC EL MOLINO;Darregueira 1078, Florencio Varela;Movil 9 Ing Alan - 113241-9369;Todos los dias 24 hs
POZO_ZV_25 EBC EZPELETA;Santa Fé 1849, Quilmes;Acude Móvil 22 – Bernal - 1120314941;Todos los dias 24 hs
POZO_V. DEL PINO_LMO323;Nahuel Huapi (aprox. a 50 m a de Miguel Planes);Movil 19 Virrey del Pino - 115005-4128;Todos los dias 24 hs
POZO_V. DEL PINO_LMO351;Paraná (a 800 m aprox. del pozo LMO352);Movil 19 Virrey del Pino - 115005-4128;Todos los dias 24 hs
POZO_ZV_14 EBC CALCHAQUÍ;Urrestarazu 3234, Quilmes;Acude Móvil 22 – Bernal - 1120314941;Todos los dias 24 hs
POZO_ZV_19 EBC LOS ALAMOS;Bahía Blanca y Namuncurá, Quilmes;Acude Móvil 22 – Bernal - 1120314941;Todos los dias 24 hs
POZO_ZV_20 EBC LOS Naval;;Acude Móvil 22 – Bernal - 1120314941;Todos los dias 24 hs
POZO_MERLO_ME096 ;Gral. Ocampo casi Tomas Saley, Pontevedra – Merlo;Movil 18 Glez Catan - 115005-4118;Todos los dias 24 hs
POZO_LLAVALLOL_LO152 ;Gral. Necochea y Luján, Lomas de Zamora;Movil 1 La Lata - 113241-1045;Todos los dias 24 hs
POZO_V. DEL PINO_LMO331 ;Federico Loefler e/N. Huapi y Esteban Fernández ;Movil 19 Virrey del Pino - 115005-4128;Todos los dias 24 hs
POZO_JOSE C. PAZ_JC002;Eduardo Wilde 4565, e/ Fragata Sarmiento y Corbeta Uruguay - José C. Paz (Interior Sitio 112 );Movil 16 San Miguel - 112027-5726;Todos los dias 24 hs
POZO_ZO_17 GABOTO ;Calle Sebastián Gaboto y C. Giambiaggi - Bella Vista - San Miguel;Movil 16 San Miguel - 112027-5726;Todos los dias 24 hs
POZO_EBC ZO-05 9 de Septiembre;Mallorca 1727, Ituzaingó;Movil 15 Moron - 116381-1091;Todos los dias 24 hs
POZO EEU026 ;Juana de Arco 6100 - Esteban Echeverria ;Movil 4 Ezeiza - 113955-6058;Todos los dias 24 hs
POZO FV178;Av. Bosques y C.819 - Zeballos ;Movil 9 Ing Alan - 113241-9369;Todos los dias 24 hs
POZO FV184;Av. Turquia 483 (entre Bruselas y C. 608) - Santa Rosa;Movil 8 Fcio Varela - 113241-9434;Todos los dias 24 hs
